img_name,section,label
17020.png,C,0
10081.png,C,0
11339.png,B,0
14280.png,A,0
14617.png,A,0
15802.png,D,0
13808.png,C,0
14720.png,A,0
14071.png,B,1
15391.png,A,1
16514.png,A,1
12057.png,B,0
13869.png,D,1
12563.png,B,1
11066.png,B,0
12443.png,A,1
16268.png,D,0
15258.png,C,0
11740.png,C,0
14140.png,A,0
13950.png,A,0
13856.png,C,0
11929.png,B,0
13851.png,B,0
16274.png,A,0
10224.png,B,0
10566.png,A,0
16055.png,D,1
10167.png,D,0
13171.png,D,0
13836.png,A,0
10318.png,A,0
15684.png,A,0
13819.png,A,1
12788.png,B,1
15067.png,D,0
14761.png,D,0
14947.png,B,1
15476.png,D,0
14540.png,A,0
11129.png,B,0
12089.png,A,0
16659.png,A,0
15678.png,A,0
14812.png,D,1
15806.png,A,1
10027.png,B,0
13210.png,B,1
14945.png,C,0
11391.png,D,0
15106.png,A,0
15932.png,B,1
11937.png,D,0
11471.png,B,1
15830.png,C,0
15693.png,A,0
13001.png,D,0
13011.png,A,1
14347.png,A,0
11304.png,C,0
10695.png,C,0
12846.png,D,0
14479.png,C,0
10773.png,D,0
16519.png,A,0
13909.png,D,1
16408.png,B,1
14344.png,A,0
10564.png,A,0
12254.png,A,1
11216.png,C,0
11889.png,D,0
13328.png,A,0
15281.png,D,0
10142.png,C,0
15578.png,D,1
12756.png,A,0
16723.png,B,0
16515.png,A,0
16786.png,A,0
10940.png,B,0
15364.png,A,0
11653.png,A,1
15121.png,B,1
10144.png,A,0
11222.png,A,0
11084.png,D,0
10599.png,B,1
14058.png,A,1
11181.png,B,1
13315.png,A,0
15972.png,C,0
14929.png,D,0
12078.png,C,0
12466.png,C,0
13103.png,A,0
14729.png,A,0
12631.png,B,0
16034.png,A,0
11736.png,A,0
16098.png,C,0
12321.png,A,0
13251.png,D,0
14909.png,D,0
13744.png,A,0
14866.png,C,0
13656.png,C,0
15689.png,A,1
16014.png,D,0
13928.png,B,0
15515.png,B,1
12962.png,B,0
12449.png,A,0
15442.png,A,0
15317.png,A,0
16640.png,C,0
12204.png,A,0
16790.png,A,1
14266.png,D,0
17032.png,A,1
12086.png,A,0
16737.png,A,1
16559.png,A,0
16348.png,A,0
14599.png,D,0
13296.png,A,1
12469.png,A,0
11313.png,C,0
15770.png,A,0
14285.png,D,0
10336.png,C,0
14801.png,A,0
13691.png,B,0
13115.png,A,1
11826.png,D,0
16934.png,A,0
10628.png,A,0
10234.png,B,1
11017.png,D,0
14836.png,A,1
10158.png,D,1
14579.png,B,0
13457.png,D,0
12143.png,A,0
13989.png,D,1
11067.png,C,0
14475.png,D,1
11277.png,C,0
15683.png,A,1
15362.png,D,0
15808.png,D,1
13622.png,D,0
13565.png,D,0
15675.png,A,0
15449.png,A,0
12050.png,B,0
11443.png,A,1
16833.png,A,0
14665.png,B,0
12729.png,A,1
15453.png,B,0
11456.png,A,0
13884.png,A,0
10246.png,A,0
12740.png,A,0
10431.png,A,0
16007.png,A,0
14808.png,D,0
12269.png,A,0
10036.png,A,1
16112.png,C,0
10443.png,A,0
15866.png,D,0
16990.png,C,0
12687.png,C,0
11514.png,C,0
11137.png,A,1
15319.png,A,0
13320.png,A,0
16361.png,B,0
14419.png,A,0
11014.png,D,0
11534.png,A,1
16136.png,A,0
15688.png,B,1
14962.png,D,1
14758.png,A,1
11270.png,A,0
11386.png,D,1
15041.png,C,0
11518.png,A,1
14657.png,A,1
12905.png,A,1
10069.png,A,0
14192.png,A,0
12139.png,C,0
11714.png,D,0
16170.png,C,0
11560.png,A,1
16253.png,C,0
13753.png,A,1
14485.png,B,1
16143.png,B,1
10419.png,A,0
11938.png,A,0
10554.png,B,0
15276.png,A,0
13394.png,B,1
14296.png,B,1
15875.png,B,0
14364.png,C,0
14173.png,A,1
14123.png,C,0
12923.png,B,1
14345.png,B,1
15407.png,C,0
11898.png,B,0
14033.png,A,0
16308.png,D,0
16371.png,A,1
10865.png,A,1
14550.png,C,0
16084.png,A,0
10662.png,D,1
10549.png,B,1
14208.png,A,1
16549.png,B,1
14830.png,A,0
15167.png,C,0
12497.png,D,1
16429.png,D,0
13126.png,D,0
12194.png,B,0
14152.png,D,0
15094.png,D,0
15008.png,B,1
16571.png,D,0
13785.png,D,0
16807.png,A,1
15706.png,A,0
14229.png,A,0
12916.png,C,0
14225.png,B,1
15269.png,D,0
16839.png,A,1
10422.png,A,0
13645.png,A,0
11268.png,B,1
11928.png,A,0
13502.png,A,0
15863.png,C,0
15344.png,D,0
10870.png,A,1
12781.png,A,1
13093.png,B,0
13125.png,B,1
12548.png,D,1
10363.png,B,1
10986.png,A,1
10257.png,B,0
10436.png,B,1
13800.png,C,0
16910.png,A,1
12914.png,D,0
10004.png,C,0
16992.png,C,0
13532.png,A,0
10983.png,B,0
14254.png,A,1
10932.png,A,0
12802.png,B,0
12027.png,A,0
14943.png,A,0
14316.png,C,0
14211.png,C,0
12759.png,A,1
11365.png,A,0
10761.png,D,1
11961.png,A,0
14521.png,A,0
13726.png,C,0
16459.png,A,1
16496.png,A,1
16231.png,D,0
13206.png,B,1
10330.png,D,1
12292.png,C,1
15089.png,B,1
15272.png,A,1
15095.png,A,0
14800.png,A,0
15349.png,D,1
13914.png,C,0
13016.png,A,0
13282.png,B,0
14572.png,A,0
14214.png,A,0
16383.png,B,0
17011.png,B,1
12382.png,D,0
13955.png,B,1
10576.png,B,0
14933.png,D,0
10867.png,A,1
15162.png,B,0
15733.png,D,0
16766.png,D,0
15096.png,A,0
13779.png,A,0
10962.png,A,1
10751.png,D,0
16747.png,B,1
11861.png,A,0
15045.png,B,1
15543.png,A,0
15000.png,D,0
15723.png,A,0
12911.png,A,0
14656.png,A,0
11374.png,A,0
10272.png,B,0
14443.png,B,0
13886.png,A,0
14630.png,A,1
10252.png,A,0
13690.png,D,0
11357.png,A,0
10624.png,C,0
14491.png,A,0
11602.png,D,0
13598.png,D,0
16198.png,C,0
10454.png,A,0
11582.png,A,0
14898.png,A,0
16419.png,A,0
15285.png,D,0
11047.png,C,0
12985.png,A,1
13348.png,D,0
12902.png,C,0
14562.png,C,0
14399.png,C,0
12801.png,C,0
15348.png,A,1
14804.png,B,1
16299.png,B,0
13260.png,A,1
15250.png,B,0
13375.png,D,0
15745.png,A,0
14380.png,C,0
10769.png,A,1
12255.png,A,0
14809.png,C,0
15722.png,A,0
14028.png,A,0
16683.png,A,1
11910.png,C,0
14116.png,C,0
10817.png,A,0
15222.png,C,1
11664.png,D,0
15642.png,A,0
14144.png,A,0
16975.png,B,0
11770.png,A,0
11657.png,A,1
10190.png,C,1
10260.png,A,0
12878.png,A,1
11784.png,C,0
10713.png,B,1
14537.png,D,1
11428.png,A,0
13697.png,A,0
14193.png,D,0
13528.png,D,1
16036.png,B,0
10127.png,D,0
14829.png,D,1
16579.png,A,0
12325.png,A,1
15633.png,A,1
12337.png,A,0
10108.png,A,1
10697.png,A,1
10906.png,D,0
14359.png,A,0
14773.png,B,1
10000.png,C,0
10297.png,A,1
13946.png,A,0
16584.png,A,0
13863.png,A,0
11990.png,A,1
12410.png,A,0
16623.png,A,0
12798.png,D,0
14763.png,A,0
14462.png,D,0
11411.png,D,0
11542.png,C,0
11696.png,A,0
15728.png,A,1
11392.png,A,0
12249.png,B,0
10963.png,B,1
16627.png,A,0
15314.png,D,0
15816.png,A,0
11634.png,D,0
13074.png,C,0
16648.png,A,0
16951.png,D,1
13108.png,B,1
14262.png,C,0
12887.png,B,1
11594.png,A,0
10409.png,A,0
13168.png,C,0
13745.png,D,0
14372.png,C,0
14658.png,C,0
10218.png,C,0
16206.png,D,0
11310.png,A,0
16083.png,B,1
15402.png,C,0
15229.png,B,1
15833.png,D,0
10289.png,B,1
15142.png,A,0
15415.png,D,0
14843.png,A,0
13667.png,A,1
15735.png,A,0
14771.png,A,0
12697.png,C,1
12829.png,B,1
16518.png,A,0
13463.png,B,0
15380.png,D,1
13513.png,A,0
16131.png,A,1
14418.png,B,1
10082.png,A,0
14157.png,B,0
10356.png,A,1
16385.png,A,0
16347.png,A,0
10504.png,C,0
10386.png,C,0
15611.png,A,1
12753.png,A,0
16684.png,A,1
13220.png,B,1
15022.png,B,1
13215.png,A,0
12982.png,A,1
13636.png,A,0
11168.png,C,0
11132.png,D,0
14595.png,A,1
16451.png,D,0
15166.png,A,1
16941.png,B,0
11896.png,D,1
16797.png,B,1
10453.png,A,1
16376.png,A,0
15574.png,A,1
11488.png,A,0
12072.png,A,0
16576.png,C,0
15970.png,A,1
10826.png,A,0
16816.png,B,0
12698.png,D,1
13160.png,A,1
14707.png,D,0
14330.png,D,1
16506.png,A,0
13000.png,A,0
11570.png,A,1
12351.png,B,1
12896.png,C,0
15071.png,C,0
12642.png,B,1
12319.png,A,0
12252.png,C,0
14891.png,B,0
11177.png,C,0
14870.png,C,0
14695.png,B,0
10876.png,A,1
14077.png,B,1
16808.png,D,0
16316.png,A,0
14395.png,B,0
14287.png,D,1
10853.png,A,1
13674.png,D,1
12755.png,B,1
16059.png,A,1
13635.png,C,0
15720.png,A,1
10559.png,C,0
12133.png,A,0
14194.png,C,0
13742.png,A,0
15315.png,A,1
11509.png,D,0
11663.png,A,1
10796.png,B,1
10553.png,A,0
13850.png,D,0
14936.png,D,0
12184.png,B,0
15054.png,A,1
12002.png,A,1
13840.png,A,1
14743.png,B,0
12750.png,C,0
13352.png,A,0
16663.png,B,1
16380.png,D,0
15223.png,D,0
12842.png,B,0
13725.png,C,0
10738.png,B,0
15812.png,A,1
10340.png,C,0
16342.png,A,1
16442.png,A,0
10131.png,A,0
14003.png,B,0
16935.png,C,0
11758.png,A,0
11920.png,A,0
10088.png,D,1
12899.png,A,1
13557.png,C,0
13903.png,A,1
13870.png,A,0
14337.png,A,0
13319.png,A,0
15158.png,C,0
10390.png,D,0
16614.png,A,1
13153.png,A,0
14261.png,D,0
10045.png,A,1
15951.png,B,0
10726.png,C,1
15310.png,C,0
15458.png,A,1
14288.png,A,0
15070.png,B,0
12847.png,B,1
14972.png,C,0
15309.png,C,0
10129.png,A,0
16273.png,D,0
16099.png,A,0
16060.png,A,0
11044.png,D,0
14859.png,B,0
16619.png,A,0
12857.png,B,0
10859.png,D,1
13281.png,C,0
16779.png,D,0
16920.png,A,1
13410.png,C,0
15687.png,A,0
12580.png,A,0
15224.png,B,1
11267.png,B,1
12182.png,D,0
13224.png,A,0
10379.png,A,0
14309.png,C,1
12118.png,B,1
14099.png,A,0
12409.png,D,1
11352.png,D,1
11486.png,D,0
12330.png,D,0
10762.png,C,0
13516.png,C,0
11859.png,C,0
12193.png,A,1
14406.png,B,1
14921.png,C,0
12650.png,A,1
11080.png,D,0
16399.png,A,0
12527.png,A,1
11698.png,A,1
12705.png,C,0
15424.png,A,0
11798.png,A,1
14632.png,A,1
15848.png,A,1
14990.png,A,0
11269.png,D,0
10629.png,C,0
12590.png,D,0
11101.png,A,1
12660.png,A,1
10313.png,D,0
16611.png,B,0
16977.png,C,0
14753.png,A,0
14879.png,A,0
16725.png,D,0
15596.png,A,0
10039.png,A,1
14983.png,C,0
11748.png,A,0
13430.png,C,0
16052.png,C,0
15446.png,C,0
12628.png,A,1
16891.png,C,0
11198.png,A,0
16670.png,A,0
15009.png,A,0
14604.png,A,1
13207.png,A,0
10491.png,C,0
14370.png,B,0
11161.png,D,1
11138.png,A,0
10051.png,D,0
15548.png,B,0
14463.png,D,1
13514.png,A,1
16985.png,A,0
12424.png,D,0
13170.png,B,0
14794.png,A,0
13832.png,C,0
13393.png,A,1
10632.png,A,0
10116.png,A,1
10490.png,A,0
10278.png,B,1
14622.png,A,0
13632.png,A,1
16079.png,D,0
11893.png,C,0
13177.png,D,1
11477.png,A,0
12346.png,A,1
12644.png,D,0
15707.png,A,0
10994.png,A,0
11579.png,B,1
16304.png,A,1
16850.png,A,1
11094.png,D,0
15050.png,A,0
12450.png,D,0
11805.png,D,1
11281.png,A,0
12901.png,D,0
10604.png,D,0
11780.png,D,1
13681.png,A,0
10509.png,B,1
11201.png,A,0
14895.png,A,0
14734.png,C,0
16793.png,C,0
15843.png,D,1
14864.png,A,1
12231.png,A,1
15989.png,C,0
11427.png,A,1
11831.png,C,0
12817.png,B,1
15969.png,A,1
11147.png,C,0
16239.png,B,1
15786.png,A,0
15873.png,D,0
15283.png,A,1
10465.png,A,0
12272.png,B,0
16133.png,B,1
14869.png,D,0
12085.png,C,0
16971.png,D,0
10909.png,C,0
12293.png,C,0
13738.png,A,1
16234.png,D,1
14688.png,B,0
13583.png,A,0
10005.png,A,0
15726.png,B,1
13066.png,B,1
16996.png,D,1
13186.png,D,1
10198.png,B,0
14963.png,A,1
11899.png,D,0
14392.png,B,0
12724.png,C,0
13411.png,B,1
14890.png,C,0
13908.png,A,0
13997.png,A,0
11991.png,B,0
14786.png,D,0
15179.png,C,0
11767.png,A,1
11628.png,A,0
16394.png,C,1
16608.png,A,0
12677.png,A,1
16294.png,C,0
10508.png,D,0
13346.png,D,0
10898.png,A,1
15253.png,D,0
14949.png,A,1
13366.png,A,0
14256.png,B,1
10033.png,B,1
11526.png,D,0
10555.png,A,1
12225.png,D,0
15556.png,A,0
13458.png,B,0
13610.png,A,0
15026.png,B,1
14134.png,D,0
14857.png,A,0
16686.png,C,0
16835.png,D,0
15301.png,A,0
16895.png,D,0
13069.png,B,0
14500.png,D,0
11882.png,B,0
14381.png,C,0
11291.png,D,0
12197.png,C,0
12439.png,C,0
12387.png,A,0
16444.png,A,0
15664.png,A,0
10902.png,A,0
12445.png,A,0
15136.png,A,1
12154.png,D,0
14910.png,C,0
10529.png,C,0
13577.png,A,0
11446.png,D,0
11453.png,A,0
11730.png,B,1
14196.png,D,0
11322.png,A,0
15680.png,C,0
10941.png,B,1
10992.png,D,1
16254.png,A,0
10398.png,B,0
16232.png,B,1
16405.png,C,0
13845.png,B,1
10712.png,A,1
15654.png,A,0
16248.png,D,0
11162.png,B,1
15246.png,D,1
10068.png,D,1
11618.png,B,0
16957.png,D,0
16949.png,C,0
12855.png,A,0
15117.png,D,1
15282.png,D,0
13743.png,A,0
15438.png,A,1
11028.png,A,1
12098.png,D,0
10295.png,D,0
14360.png,D,0
11468.png,D,0
11439.png,A,0
15879.png,D,0
15417.png,B,0
16976.png,A,1
15265.png,B,1
11733.png,A,1
14498.png,D,0
10317.png,B,1
10281.png,A,0
10205.png,C,0
13596.png,C,0
14053.png,B,1
11054.png,B,0
16900.png,D,0
13441.png,A,0
13595.png,C,0
13133.png,C,0
13226.png,A,0
16863.png,A,0
12614.png,D,1
12092.png,A,1
13422.png,A,0
11121.png,D,0
15602.png,A,0
16854.png,A,0
16656.png,C,0
13748.png,A,0
13523.png,A,0
16106.png,C,0
14976.png,A,0
12925.png,A,0
10808.png,A,1
12084.png,A,1
12734.png,C,0
14722.png,A,1
12286.png,B,0
16955.png,A,1
14202.png,A,1
15641.png,C,0
11295.png,A,0
14925.png,D,0
16958.png,D,0
15778.png,D,0
16964.png,A,0
11508.png,A,0
12495.png,C,0
15581.png,A,0
16736.png,A,0
16432.png,A,1
12641.png,B,1
10202.png,A,1
10256.png,D,0
13594.png,D,0
15264.png,D,0
14446.png,A,0
10373.png,A,0
10837.png,A,0
13982.png,C,0
16513.png,C,0
12107.png,A,1
16353.png,A,0
11402.png,A,0
16435.png,A,0
12366.png,A,0
10696.png,A,1
11849.png,D,0
13789.png,D,0
16448.png,C,0
10677.png,C,1
14889.png,D,1
15164.png,D,0
11791.png,A,0
15274.png,A,0
14047.png,B,1
14385.png,B,0
10188.png,D,1
15615.png,A,0
15398.png,B,1
10682.png,B,1
13117.png,C,0
10541.png,D,0
16150.png,A,1
12630.png,A,1
15956.png,C,0
10942.png,A,0
10445.png,C,0
16085.png,B,0
13827.png,A,0
13710.png,A,1
16246.png,B,0
15256.png,B,0
13487.png,A,0
14723.png,C,0
13104.png,A,0
14398.png,B,0
13823.png,D,1
13339.png,B,1
13829.png,D,1
15213.png,B,0
10182.png,A,0
13122.png,D,0
11414.png,D,0
10473.png,B,0
15586.png,C,1
15342.png,D,0
16873.png,A,1
15100.png,B,1
10727.png,C,0
13673.png,D,0
15074.png,A,0
10657.png,A,1
15673.png,C,0
11706.png,A,0
15821.png,D,0
14614.png,A,0
14512.png,A,1
11739.png,A,0
16884.png,A,1
10699.png,D,0
12427.png,A,0
15591.png,A,0
11219.png,A,0
15569.png,D,1
11517.png,A,1
12396.png,A,0
10739.png,C,0
10271.png,D,1
13576.png,A,0
10542.png,B,1
13249.png,A,1
12390.png,B,1
14155.png,D,0
15140.png,A,0
16578.png,A,0
11699.png,A,0
15304.png,D,0
15378.png,A,0
15002.png,A,0
14191.png,A,1
11068.png,D,0
12952.png,B,1
11981.png,A,1
12652.png,A,0
10610.png,D,0
11122.png,A,0
15479.png,D,0
15412.png,A,1
10222.png,D,1
12187.png,D,1
12161.png,B,1
16201.png,A,0
12655.png,A,0
10183.png,A,0
16799.png,A,1
13569.png,A,0
11945.png,C,0
13415.png,C,0
12760.png,B,0
12426.png,C,0
15796.png,B,1
13534.png,A,0
14671.png,A,0
16536.png,A,1
11967.png,C,0
13852.png,C,0
10825.png,A,0
14787.png,A,1
11919.png,B,1
11430.png,B,1
11410.png,D,0
16062.png,D,1
13794.png,B,0
11907.png,A,0
13389.png,A,0
14119.png,A,0
16824.png,B,1
15836.png,D,0
10323.png,A,1
15377.png,A,0
12341.png,B,1
16118.png,C,0
16914.png,A,0
13630.png,C,0
13990.png,C,0
14273.png,D,0
10821.png,C,0
12463.png,B,1
16932.png,D,0
15425.png,B,0
15290.png,A,0
16157.png,A,0
10616.png,D,0
16911.png,A,0
10673.png,C,0
16325.png,D,0
14169.png,A,0
10515.png,D,0
10462.png,B,0
13692.png,D,1
16857.png,B,0
13034.png,A,0
14060.png,A,0
11111.png,C,0
10389.png,D,0
13996.png,D,0
10101.png,A,1
10310.png,B,1
16096.png,A,1
15855.png,D,0
15238.png,C,0
13475.png,A,0
13353.png,A,1
14008.png,A,0
14212.png,A,0
11815.png,D,0
15355.png,A,1
15042.png,B,0
10517.png,D,0
11149.png,A,0
12803.png,D,0
12565.png,C,0
11473.png,C,0
13496.png,C,0
12389.png,A,0
10111.png,B,0
12678.png,D,0
15046.png,A,1
16105.png,A,1
10863.png,A,0
14096.png,C,0
10374.png,C,0
11777.png,A,0
15619.png,A,0
13654.png,A,0
15183.png,A,1
14746.png,D,1
13947.png,D,0
11294.png,B,1
13922.png,A,1
14650.png,B,0
12592.png,C,0
10042.png,C,0
15374.png,A,0
13915.png,A,1
12664.png,B,0
15466.png,C,0
11802.png,B,0
16819.png,A,1
14679.png,B,1
10106.png,A,0
14487.png,B,1
16982.png,C,0
16355.png,B,1
13918.png,A,0
15696.png,D,0
14450.png,C,0
12226.png,A,0
14326.png,B,1
14590.png,A,0
10851.png,D,0
13590.png,A,0
15297.png,C,0
13806.png,B,1
11995.png,A,0
10094.png,A,1
12823.png,D,0
10815.png,A,1
13490.png,D,0
12517.png,A,0
12535.png,D,0
16237.png,A,1
16482.png,D,0
10368.png,A,0
14509.png,A,1
14716.png,A,0
12177.png,C,0
10857.png,B,0
13825.png,A,1
11772.png,D,1
11483.png,D,1
16724.png,C,0
11790.png,A,1
13338.png,A,1
12271.png,D,1
15366.png,A,0
15027.png,A,0
11124.png,B,1
16940.png,A,1
13957.png,C,0
12121.png,A,0
15742.png,B,0
16592.png,B,1
11049.png,B,1
11255.png,D,0
15924.png,D,0
11497.png,B,0
14954.png,C,1
11895.png,B,0
15086.png,B,1
15340.png,A,0
14608.png,B,0
12684.png,B,1
14436.png,D,0
13085.png,B,0
13033.png,A,0
16214.png,D,1
12701.png,B,1
15568.png,A,0
15237.png,B,0
11224.png,B,1
16414.png,C,0
10179.png,A,1
15877.png,A,0
16986.png,C,0
12178.png,A,0
11315.png,B,1
10570.png,B,0
13894.png,A,1
11331.png,B,1
12296.png,A,0
15195.png,B,1
14086.png,A,0
15546.png,A,1
16293.png,D,0
14995.png,C,0
14130.png,C,0
11968.png,A,0
15597.png,A,1
10322.png,A,0
10286.png,D,0
16875.png,D,0
14585.png,D,0
12685.png,B,0
13149.png,A,0
15909.png,A,0
13889.png,B,1
16134.png,D,0
14948.png,A,1
14555.png,B,0
12221.png,D,0
15542.png,B,1
13233.png,B,1
12297.png,A,1
15437.png,B,0
13948.png,A,0
13601.png,D,0
15401.png,C,0
11060.png,B,0
11647.png,C,0
15604.png,B,0
12573.png,A,0
13641.png,A,1
11572.png,D,0
14708.png,B,1
11196.png,A,0
12247.png,D,0
11367.png,A,0
14601.png,D,0
12748.png,A,0
11793.png,B,0
12080.png,B,1
15485.png,B,1
16757.png,D,0
11768.png,B,1
15188.png,A,0
13971.png,D,1
16752.png,C,1
10372.png,A,1
13223.png,B,1
10381.png,A,0
13130.png,A,0
15653.png,D,0
15178.png,A,0
16782.png,A,0
14842.png,A,0
14458.png,B,1
13053.png,C,0
15774.png,C,0
10229.png,B,0
14109.png,A,0
15011.png,B,1
13905.png,D,0
16820.png,A,1
11529.png,D,0
12135.png,B,1
12091.png,A,0
10845.png,A,1
14979.png,A,0
14039.png,C,0
13253.png,B,1
13524.png,D,0
12611.png,A,0
12467.png,A,1
12320.png,A,0
11368.png,A,0
15854.png,A,0
10916.png,C,0
16621.png,A,0
15440.png,A,0
15500.png,B,0
13424.png,A,1
11002.png,D,0
12374.png,B,1
14944.png,A,0
14132.png,D,0
14616.png,B,0
12720.png,A,1
10280.png,B,1
14797.png,D,0
13561.png,A,1
12185.png,D,0
14719.png,D,0
11484.png,D,0
10756.png,A,0
10663.png,A,0
10846.png,D,1
12692.png,D,0
10556.png,A,0
13642.png,A,1
12519.png,A,1
12560.png,B,0
16681.png,A,1
15299.png,A,1
15662.png,B,0
11299.png,C,1
14914.png,A,1
12736.png,A,0
15163.png,A,0
16373.png,B,0
15430.png,B,1
11897.png,A,0
10615.png,C,0
11661.png,B,0
13152.png,B,0
10533.png,A,0
13166.png,B,1
12056.png,A,0
12515.png,B,0
16287.png,A,1
11229.png,A,0
15565.png,A,0
11689.png,A,1
14685.png,D,1
13492.png,B,0
16458.png,C,0
13350.png,B,1
11715.png,B,1
10899.png,C,0
11668.png,A,0
16764.png,C,0
12105.png,A,1
11341.png,A,0
13449.png,B,0
16912.png,A,0
13614.png,B,0
16629.png,B,1
13383.png,B,1
13147.png,A,0
12845.png,A,1
16030.png,A,0
16489.png,A,0
10096.png,B,0
13238.png,A,0
12626.png,D,0
14940.png,D,1
16885.png,D,0
14631.png,A,1
12661.png,A,0
15111.png,A,0
15536.png,A,1
11050.png,D,0
10201.png,A,0
10050.png,B,1
15467.png,B,1
16945.png,A,0
10245.png,A,1
16630.png,A,1
13936.png,A,0
12166.png,A,0
12235.png,A,0
11956.png,A,1
10424.png,A,0
12920.png,D,0
13284.png,A,0
16618.png,B,0
12620.png,C,0
13969.png,D,0
11566.png,A,0
11877.png,A,0
15372.png,B,1
12006.png,D,1
16979.png,B,0
12217.png,A,1
12155.png,A,0
10247.png,A,0
11549.png,A,0
14728.png,A,0
14906.png,A,0
16933.png,C,0
16593.png,B,0
14828.png,A,0
14754.png,D,0
13276.png,A,1
11225.png,B,1
10797.png,A,1
10199.png,A,0
15483.png,A,1
11608.png,A,0
13895.png,B,1
15147.png,A,0
10664.png,A,0
11684.png,C,0
10659.png,D,0
16970.png,A,0
12446.png,B,1
12884.png,B,1
14938.png,C,0
13566.png,A,1
16072.png,A,1
12632.png,A,1
14888.png,C,0
10463.png,A,0
15686.png,A,1
13605.png,C,0
14730.png,C,0
13628.png,A,0
14844.png,C,0
15552.png,D,0
13858.png,B,1
14066.png,B,1
11709.png,D,0
15065.png,B,0
16472.png,D,0
12202.png,C,0
12238.png,A,0
12060.png,A,0
12512.png,D,1
12460.png,C,0
15741.png,A,0
11641.png,A,0
12610.png,A,0
16071.png,A,0
10479.png,B,1
10945.png,C,0
11513.png,A,1
10085.png,B,0
10925.png,A,1
11052.png,B,1
11051.png,C,0
14246.png,D,0
11753.png,C,0
15933.png,A,0
11156.png,A,1
15460.png,C,0
11752.png,D,0
13804.png,B,0
14356.png,C,0
11123.png,A,1
10470.png,D,0
16908.png,D,0
13216.png,D,0
14227.png,B,1
16570.png,C,0
15645.png,A,1
16718.png,A,0
12883.png,A,1
13471.png,C,0
15567.png,C,0
12392.png,C,0
11230.png,A,1
12401.png,B,0
12540.png,C,0
15764.png,B,0
11862.png,D,1
16051.png,A,1
16703.png,B,1
15502.png,A,0
13047.png,C,0
14860.png,D,0
14675.png,B,1
13445.png,D,1
10350.png,B,1
16412.png,D,0
12246.png,C,0
14967.png,B,0
11154.png,A,1
13951.png,A,1
15450.png,A,1
16197.png,A,0
13626.png,A,1
15306.png,D,1
11921.png,A,0
10104.png,D,0
14390.png,A,0
12416.png,A,0
14691.png,C,0
13728.png,A,0
16238.png,B,1
11820.png,B,0
10736.png,B,1
15346.png,C,0
14206.png,B,0
12083.png,B,1
16594.png,D,0
15029.png,A,1
10328.png,A,1
14863.png,B,1
10157.png,A,0
13972.png,A,0
12260.png,A,0
11659.png,B,1
11927.png,A,0
11199.png,D,0
16633.png,A,0
10498.png,C,0
14684.png,D,1
12263.png,A,0
14078.png,B,1
14499.png,D,0
13278.png,A,1
14456.png,C,0
10639.png,D,0
15203.png,B,1
14473.png,D,0
11799.png,B,1
16259.png,A,0
14960.png,A,1
15988.png,A,1
14258.png,A,0
14876.png,D,0
14190.png,A,0
12312.png,B,1
16344.png,C,0
15814.png,A,1
14215.png,A,0
15185.png,A,0
13810.png,D,0
16169.png,A,1
13291.png,A,1
14368.png,D,1
15069.png,B,0
14705.png,C,0
15650.png,A,1
15326.png,A,0
11387.png,B,0
15661.png,B,1
16541.png,A,1
13337.png,A,0
14767.png,C,0
15829.png,A,0
13025.png,B,1
14297.png,B,1
12134.png,B,1
13488.png,A,0
16077.png,C,0
11532.png,D,0
10178.png,D,0
13237.png,A,0
15242.png,A,0
16591.png,A,0
11902.png,A,0
10171.png,C,0
12399.png,A,0
16998.png,A,0
10089.png,A,0
13892.png,B,1
12969.png,C,0
12456.png,D,0
12096.png,A,0
13301.png,A,1
11825.png,C,0
10896.png,D,0
14305.png,C,0
14957.png,B,1
11180.png,A,1
16261.png,A,1
12904.png,A,0
10947.png,D,0
14141.png,B,0
14670.png,D,0
14636.png,C,0
11982.png,C,0
11556.png,A,1
12834.png,B,1
14625.png,C,0
10520.png,A,0
14064.png,A,0
10253.png,B,1
13983.png,B,1
11076.png,A,0
13952.png,B,1
15713.png,B,0
14884.png,A,0
15230.png,D,0
16609.png,C,0
16456.png,A,0
13563.png,B,0
12170.png,A,0
15182.png,A,0
14143.png,A,0
14832.png,A,0
14365.png,B,1
14818.png,B,0
16135.png,B,0
11418.png,C,0
15882.png,A,0
10687.png,B,1
16613.png,A,1
15472.png,D,0
12354.png,C,0
15257.png,B,1
13515.png,D,0
15958.png,B,1
15537.png,A,0
15490.png,A,0
15544.png,A,0
16397.png,C,0
10420.png,D,1
11998.png,B,1
14472.png,B,0
14415.png,C,0
14210.png,C,0
10392.png,A,0
13073.png,A,0
14848.png,B,1
10514.png,D,0
15554.png,C,0
13466.png,D,0
14249.png,C,0
13158.png,C,1
10140.png,D,0
16218.png,A,1
10250.png,A,1
13378.png,A,0
15983.png,A,1
13603.png,B,0
14283.png,C,0
11838.png,A,0
15498.png,A,1
12821.png,A,0
10824.png,C,0
11330.png,B,0
12380.png,A,1
14205.png,D,0
15205.png,D,0
10647.png,C,0
16586.png,A,1
14182.png,D,1
12932.png,D,0
11361.png,C,0
12278.png,A,1
14846.png,A,0
12400.png,B,0
13014.png,D,0
10997.png,D,1
11287.png,A,0
11988.png,C,0
13417.png,C,0
15202.png,A,1
13268.png,A,0
15715.png,A,0
11984.png,A,0
16417.png,A,0
11085.png,A,0
16927.png,A,0
14899.png,A,1
15857.png,A,1
10262.png,B,1
14253.png,B,0
10115.png,A,0
16188.png,D,1
13089.png,D,0
15691.png,A,0
10652.png,A,0
15235.png,C,0
14474.png,B,1
12117.png,C,0
16775.png,D,0
12651.png,B,1
10100.png,B,0
11716.png,A,1
16595.png,B,1
14519.png,D,0
12694.png,B,1
10242.png,A,1
15979.png,A,0
14449.png,A,0
13401.png,C,0
15197.png,D,0
16050.png,C,0
10008.png,D,0
14698.png,D,0
15210.png,A,0
10095.png,A,1
13860.png,A,1
15429.png,C,0
16436.png,A,1
14267.png,B,0
11527.png,A,0
11823.png,B,0
11741.png,C,0
13560.png,B,1
10782.png,B,0
10435.png,C,1
11327.png,B,1
10170.png,C,0
11441.png,C,0
13059.png,C,0
13868.png,D,1
13686.png,A,0
12492.png,A,1
13510.png,A,1
12109.png,A,0
15547.png,B,1
14243.png,A,0
14703.png,C,0
10451.png,B,0
13044.png,A,1
13364.png,A,1
16306.png,A,0
11591.png,C,0
15099.png,A,0
17019.png,A,1
13040.png,A,0
13195.png,A,1
16753.png,B,1
10417.png,D,0
12313.png,D,0
14421.png,D,0
14757.png,A,0
10613.png,A,1
15215.png,A,0
10034.png,D,0
14727.png,C,0
13307.png,A,0
12087.png,B,1
10166.png,A,0
12479.png,D,0
14964.png,B,1
15977.png,A,0
14768.png,A,0
14980.png,C,1
10093.png,D,0
10532.png,D,1
14989.png,C,0
10123.png,A,1
16883.png,B,1
11142.png,D,0
13154.png,B,1
12243.png,D,1
15750.png,D,0
15872.png,A,0
14129.png,D,1
16142.png,A,1
14718.png,B,1
14819.png,D,0
15895.png,A,1
11025.png,B,0
11130.png,A,0
10535.png,A,0
11712.png,C,0
13391.png,A,1
11261.png,A,0
10855.png,D,0
14749.png,A,0
15284.png,D,0
15616.png,A,0
12376.png,C,0
15116.png,A,0
11022.png,D,0
10423.png,A,0
16874.png,A,0
10511.png,C,0
13831.png,C,0
10482.png,A,0
13546.png,A,0
13173.png,A,1
16922.png,C,0
13308.png,A,0
11745.png,A,0
14241.png,A,0
13294.png,D,0
12939.png,A,1
10828.png,D,0
15714.png,D,1
12582.png,B,1
12370.png,B,1
13817.png,A,1
14218.png,A,0
12049.png,A,0
16924.png,A,1
13709.png,C,0
13696.png,A,0
10968.png,D,0
16676.png,A,1
16477.png,C,0
16654.png,C,0
12987.png,D,0
10763.png,D,0
13677.png,A,1
12148.png,A,0
10827.png,C,0
10294.png,C,0
12669.png,B,0
14189.png,D,0
10967.png,B,1
10975.png,B,1
13574.png,C,0
11062.png,A,0
11356.png,A,0
15529.png,A,0
13538.png,B,0
15963.png,D,1
11811.png,C,0
14451.png,A,0
14089.png,B,1
13791.png,D,0
14544.png,D,0
13164.png,A,0
12681.png,C,0
16829.png,A,1
13356.png,C,0
15505.png,A,1
14396.png,A,0
13092.png,D,1
10588.png,D,0
15496.png,D,0
13015.png,B,1
10879.png,B,0
15076.png,C,0
12116.png,A,0
12537.png,A,1
10446.png,B,1
10725.png,C,0
12020.png,A,0
15878.png,C,0
11364.png,A,1
13009.png,A,0
10488.png,B,1
11398.png,D,0
15949.png,A,1
14488.png,A,0
11284.png,A,1
16093.png,D,0
15373.png,C,0
10220.png,D,0
11726.png,B,1
11358.png,A,0
15386.png,B,1
11449.png,B,0
16102.png,C,0
16123.png,C,0
15587.png,A,0
10904.png,D,0
14755.png,A,0
15207.png,D,0
13289.png,A,0
14133.png,A,1
12241.png,B,1
16028.png,B,0
10475.png,D,1
16217.png,D,0
14997.png,C,0
15974.png,A,0
14444.png,A,1
10574.png,D,0
12163.png,A,0
15780.png,D,0
11808.png,A,0
11827.png,A,0
12965.png,C,1
16359.png,C,0
13078.png,B,1
14430.png,A,1
16302.png,D,0
13999.png,A,0
13067.png,B,1
11107.png,C,0
13467.png,C,0
12203.png,D,0
14790.png,A,1
11332.png,A,0
15150.png,A,0
10460.png,A,1
16722.png,A,1
10913.png,D,0
11654.png,D,0
12640.png,D,0
10084.png,A,0
12131.png,C,0
10539.png,B,1
14176.png,C,0
15657.png,B,1
10261.png,D,1
15384.png,B,1
12356.png,A,1
13751.png,B,1
15456.png,A,1
12334.png,A,0
10107.png,A,0
14645.png,A,1
11406.png,A,0
14831.png,A,1
16027.png,D,0
15350.png,D,0
16379.png,B,0
10407.png,A,0
11316.png,C,1
10414.png,C,0
16637.png,B,0
12876.png,A,0
14335.png,C,1
12505.png,A,0
11174.png,A,0
12618.png,A,1
12316.png,A,0
16362.png,D,1
13003.png,B,0
12064.png,B,1
15813.png,C,0
13204.png,A,0
11546.png,C,0
11962.png,A,0
16994.png,A,0
15243.png,C,0
16053.png,A,0
16716.png,B,1
16004.png,B,1
16046.png,A,0
14284.png,A,1
12353.png,A,0
14854.png,B,0
13527.png,A,0
10159.png,A,0
13008.png,A,0
14059.png,A,0
14263.png,A,0
11333.png,A,1
13342.png,A,0
16124.png,D,1
12405.png,A,1
10801.png,A,0
13801.png,A,1
12979.png,C,0
16881.png,A,1
12529.png,D,1
15408.png,B,1
15953.png,A,1
16323.png,A,1
10428.png,D,0
14233.png,A,0
10780.png,C,0
15747.png,C,0
16221.png,C,0
12732.png,A,0
15801.png,B,1
13460.png,A,1
14748.png,A,0
16665.png,D,0
14113.png,C,0
16455.png,D,0
10805.png,B,0
13322.png,B,0
14126.png,A,1
12858.png,D,0
14673.png,B,1
16145.png,D,0
10009.png,C,0
12739.png,A,0
10550.png,C,0
15124.png,A,0
10601.png,D,0
15900.png,A,0
16974.png,A,0
10153.png,A,1
11539.png,C,0
16155.png,B,0
10847.png,A,0
11788.png,D,0
11501.png,B,1
16645.png,A,1
15685.png,B,0
16366.png,C,0
10059.png,D,1
14001.png,C,0
16756.png,D,1
10232.png,B,0
14893.png,A,0
13043.png,A,0
10259.png,C,0
15751.png,D,0
13592.png,A,1
14781.png,B,0
12280.png,C,0
14644.png,A,1
10729.png,B,1
13099.png,D,1
10255.png,C,0
14338.png,A,0
14735.png,C,0
15087.png,A,0
11377.png,A,1
12459.png,B,1
15608.png,A,0
10834.png,D,0
16806.png,B,1
15583.png,A,1
13321.png,B,1
14598.png,C,0
10244.png,B,0
12766.png,D,0
11489.png,D,0
12250.png,A,0
16768.png,A,0
10113.png,B,1
12129.png,A,0
10987.png,B,1
14300.png,B,1
12859.png,B,1
14565.png,D,1
12867.png,A,0
10090.png,A,0
12959.png,C,0
13377.png,C,1
16243.png,A,1
16184.png,B,1
16313.png,C,0
11796.png,C,0
16074.png,A,0
10937.png,A,1
16542.png,C,0
16523.png,D,0
12819.png,B,1
11631.png,D,0
10793.png,B,1
11905.png,A,1
14659.png,B,1
12360.png,B,0
11259.png,B,0
15423.png,B,1
11232.png,D,0
11773.png,A,1
14082.png,C,1
17007.png,A,0
10681.png,C,0
12772.png,A,0
12691.png,D,0
15098.png,D,0
14699.png,A,1
14121.png,A,0
10001.png,A,0
10251.png,A,0
14660.png,A,0
12431.png,A,0
11273.png,C,0
16631.png,B,1
11271.png,A,1
12270.png,A,1
10858.png,A,1
15746.png,A,0
14553.png,A,0
13937.png,B,0
10895.png,A,0
13287.png,A,0
14171.png,C,0
11046.png,D,1
11596.png,A,0
14564.png,C,0
14586.png,C,0
15943.png,C,1
15656.png,C,0
12830.png,A,0
11063.png,B,0
15368.png,D,0
12188.png,C,0
12970.png,B,0
12348.png,D,1
12561.png,A,1
16329.png,A,1
11187.png,A,0
15023.png,B,1
16109.png,A,1
14520.png,A,0
14803.png,A,0
15782.png,A,0
10590.png,A,0
16667.png,A,1
11082.png,A,0
13489.png,D,0
10132.png,C,0
12513.png,D,0
12061.png,B,0
16870.png,A,1
10565.png,D,0
16729.png,D,0
16755.png,A,0
12333.png,B,1
13719.png,B,0
10079.png,A,0
15658.png,B,1
12624.png,A,1
